text,sentiment
"I love this product! It's amazing.",positive
"This is the worst thing I've ever bought.",negative
"Not bad, but could be better.",neutral
"Absolutely fantastic! Highly recommend.",positive
"Terrible experience, very disappointing.",negative
"Okay product, does the job.",neutral
"Exceeded my expectations! Will buy again.",positive
"Complete waste of money.",negative
"Average quality, nothing special.",neutral
"Brilliant! Very happy with my purchase.",positive
"Do not buy this, it's awful.",negative
"Decent, but I've seen better.",neutral
"Wonderful experience, five stars!",positive
"Horrible, broke after one use.",negative
"Meh, it's alright.",neutral
"Top-notch quality, very pleased.",positive
"Extremely dissatisfied, poor quality.",negative
"Satisfactory, meets my needs.",neutral
"Amazing value for the price.",positive
"Not worth it, very disappointing.",negative
"I adore this! Great purchase.",positive
"Wouldn't recommend, bad quality.",negative
"Pretty average, nothing special.",neutral
"Outstanding product, very happy!",positive
"Total disappointment, don't buy.",negative
"It's fine, does the job.",neutral
"Excellent! Will buy again.",positive
"Very poor quality, don't buy.",negative
"Neither good nor bad.",neutral
"Fantastic product, highly recommend!",positive
"Regret buying this, not good.",negative
"Just okay, nothing to write home about.",neutral
"Exceeded expectations, very pleased!",positive
"Terrible, wouldn't recommend.",negative
"Alright, but there are better options.",neutral
"Absolutely love it, five stars!",positive
"Worst purchase ever, avoid.",negative
"Just average, nothing great.",neutral
"Superb quality, very happy!",positive
"Disappointing, not worth the money.",negative
"It's decent, meets my needs.",neutral
"Best purchase I've made, excellent!",positive
"Horrible, do not recommend.",negative
"Nothing special, it's okay.",neutral
"Very pleased, excellent product!",positive
"Bad quality, not recommended.",negative
"Not too bad, just average.",neutral
"Fantastic, highly recommend!",positive
"Terrible quality, very disappointed.",negative
"It's okay, does the job.",neutral
"Amazing product, very happy!",positive
"Not good, waste of money.",negative
"Nothing special, it's average.",neutral
"Absolutely wonderful, very pleased!",positive
"Poor quality, not worth it.",negative
"Neither here nor there, it's okay.",neutral
"Highly satisfied, great value!",positive
"Not worth buying, very bad.",negative
"Just fine, nothing special.",neutral
"Love it! Exceeded my expectations.",positive
"Very disappointing, bad purchase.",negative
"Average product, nothing great.",neutral
"Outstanding! Highly recommend.",positive
"Do not buy, very poor quality.",negative
"It's alright, just average.",neutral
"Fantastic! Exceeded my expectations.",positive
"Not good at all, very bad.",negative
"Neither good nor bad, it's okay.",neutral
"Absolutely love it, will buy again.",positive
"Very bad quality, avoid.",negative
"Just alright, nothing great.",neutral
"Great product, very pleased!",positive
"Extremely poor quality, don't buy.",negative
"It's okay, meets my expectations.",neutral
"Excellent! Very happy with it.",positive
"Horrible, very disappointing.",negative
"Nothing special, just fine.",neutral
"Superb! Highly recommend.",positive
"Terrible experience, not good.",negative
"Just fine, does the job.",neutral
"Absolutely amazing! Love it.",positive
"Not worth it, very bad quality.",negative
"Neither here nor there, just average.",neutral
"Highly recommend! Great product.",positive
"Very disappointing, poor quality.",negative
"It's okay, nothing special.",neutral
"Fantastic! Exceeded my expectations.",positive
"Not good, waste of money.",negative
"Just average, nothing special.",neutral
"Love it! Highly recommend.",positive
"Bad quality, don't buy.",negative
"It's okay, meets my needs.",neutral
"Excellent product, very happy!",positive
"Terrible, very disappointing.",negative
"Average, nothing to write home about.",neutral
"Superb quality! Highly satisfied.",positive
"Horrible, very poor quality.",negative
"It's decent, does the job.",neutral
"Outstanding product, love it!",positive
"Regret buying, very bad quality.",negative
"Just fine, nothing special.",neutral
"Fantastic! Very happy with it.",positive
"Not worth it, very bad quality.",negative
"Neither good nor bad, it's okay.",neutral
"Love it! Exceeded expectations.",positive
"Very poor quality, avoid.",negative
"It's okay, meets my needs.",neutral
"Great product, highly recommend!",positive
"Extremely disappointing, very bad.",negative
"Just average, nothing great.",neutral
"Absolutely love it, very pleased.",positive
"Bad quality, don't recommend.",negative
"It's fine, nothing special.",neutral
"Outstanding quality! Very happy.",positive
"Horrible experience, avoid.",negative
"Just okay, nothing to write home about.",neutral
"Fantastic product, highly recommend!",positive
"Not good, waste of money.",negative
"Neither here nor there, it's okay.",neutral
"Absolutely superb! Love it.",positive
"Terrible quality, very bad.",negative
"It's alright, meets my needs.",neutral
"Highly recommend! Great value.",positive
"Very poor quality, not worth it.",negative
"It's fine, just average.",neutral
"Outstanding! Very pleased with it.",positive
"Horrible purchase, avoid.",negative
"Just fine, nothing special.",neutral
"Fantastic! Love it, highly recommend.",positive
"Very bad quality, not good.",negative
"Neither good nor bad, just okay.",neutral
"Absolutely amazing! Highly satisfied.",positive
"Terrible experience, very bad quality.",negative
"It's okay, meets my expectations.",neutral
"Highly recommend! Exceeded expectations.",positive
"Very disappointing, bad purchase.",negative
"Average product, nothing great.",neutral
"Outstanding! Highly satisfied.",positive
"Do not buy, very poor quality.",negative
"It's alright, just average.",neutral
"Fantastic! Exceeded my expectations.",positive
"Not good at all, very bad.",negative
"Neither good nor bad, it's okay.",neutral
"Absolutely love it, will buy again.",positive
"Very bad quality, avoid.",negative
"Just alright, nothing great.",neutral
"Great product, very pleased!",positive
"Extremely poor quality, don't buy.",negative
"It's okay, meets my expectations.",neutral
"Excellent! Very happy with it.",positive
"Horrible, very disappointing.",negative
"Nothing special, just fine.",neutral
"Superb! Highly recommend.",positive
"Terrible experience, not good.",negative
"Just fine, does the job.",neutral
"Absolutely amazing! Love it.",positive
"Not worth it, very bad quality.",negative
"Neither here nor there, just average.",neutral
"Highly recommend! Great product.",positive
"Very disappointing, poor quality.",negative
"It's okay, nothing special.",neutral
"Fantastic! Exceeded my expectations.",positive
"Not good, waste of money.",negative
"Just average, nothing special.",neutral
"Love it! Highly recommend.",positive
"Bad quality, don't buy.",negative
"It's okay, meets my needs.",neutral
"Excellent product, very happy!",positive
"Terrible, very disappointing.",negative
"Average, nothing to write home about.",neutral
"Superb quality! Highly satisfied.",positive
"Horrible, very poor quality.",negative
"It's decent, does the job.",neutral
"Outstanding product, love it!",positive
"Regret buying, very bad quality.",negative
"Just fine, nothing special.",neutral
"Fantastic! Very happy with it.",positive
"Not worth it, very bad quality.",negative
"Neither good nor bad, it's okay.",neutral
"Love it! Exceeded expectations.",positive
"Very poor quality, avoid.",negative
"It's okay, meets my needs.",neutral
"Great product, highly recommend!",positive
"Extremely disappointing, very bad.",negative
"Just average, nothing great.",neutral
"Absolutely love it, very pleased.",positive
"Bad quality, don't recommend.",negative
"It's fine, nothing special.",neutral
"Outstanding quality! Very happy.",positive
"Horrible experience, avoid.",negative
"Just okay, nothing to write home about.",neutral
"Fantastic product, highly recommend!",positive
"Not good, waste of money.",negative
"Neither here nor there, it's okay.",neutral
"Absolutely superb! Love it.",positive
"Terrible quality, very bad.",negative
"It's alright, meets my needs.",neutral
"Highly recommend! Great value.",positive
"Very poor quality, not worth it.",negative
"It's fine, just average.",neutral
"Outstanding! Very pleased with it.",positive
"Horrible purchase, avoid.",negative
"Just fine, nothing special.",neutral
"Fantastic! Love it, highly recommend.",positive
"Very bad quality, not good.",negative
"Neither good nor bad, just okay.",neutral
"Absolutely amazing! Highly

 satisfied.",positive
"Terrible experience, very bad quality.",negative
"It's okay, meets my expectations.",neutral
"Highly recommend! Exceeded expectations.",positive
"Very disappointing, bad purchase.",negative
"Average product, nothing great.",neutral
"Outstanding! Highly satisfied.",positive
"Do not buy, very poor quality.",negative
"It's alright, just average.",neutral
"Fantastic! Exceeded my expectations.",positive
"Not good at all, very bad.",negative
"Neither good nor bad, it's okay.",neutral
"Absolutely love it, will buy again.",positive
"Very bad quality, avoid.",negative
"Just alright, nothing great.",neutral
"Great product, very pleased!",positive
"Extremely poor quality, don't buy.",negative
"It's okay, meets my expectations.",neutral
"Excellent! Very happy with it.",positive
"Horrible, very disappointing.",negative
"Nothing special, just fine.",neutral
"Superb! Highly recommend.",positive
"Terrible experience, not good.",negative
"Just fine, does the job.",neutral
"Absolutely amazing! Love it.",positive
"Not worth it, very bad quality.",negative
"Neither here nor there, just average.",neutral
"Highly recommend! Great product.",positive
"Very disappointing, poor quality.",negative
"It's okay, nothing special.",neutral
"Fantastic! Exceeded my expectations.",positive
"Not good, waste of money.",negative
"Just average, nothing special.",neutral
"Love it! Highly recommend.",positive
"Bad quality, don't buy.",negative
"It's okay, meets my needs.",neutral
"Excellent product, very happy!",positive
"Terrible, very disappointing.",negative
"Average, nothing to write home about.",neutral
"Superb quality! Highly satisfied.",positive
"Horrible, very poor quality.",negative
"It's decent, does the job.",neutral
"Outstanding product, love it!",positive
"Regret buying, very bad quality.",negative
"Just fine, nothing special.",neutral
"Fantastic! Very happy with it.",positive
"Not worth it, very bad quality.",negative
"Neither good nor bad, it's okay.",neutral
"Love it! Exceeded expectations.",positive
"Very poor quality, avoid.",negative
"It's okay, meets my needs.",neutral
"Great product, highly recommend!",positive
"Extremely disappointing, very bad.",negative
"Just average, nothing great.",neutral
"Absolutely love it, very pleased.",positive
"Bad quality, don't recommend.",negative
"It's fine, nothing special.",neutral
"Outstanding quality! Very happy.",positive
"Horrible experience, avoid.",negative
"Just okay, nothing to write home about.",neutral
"Fantastic product, highly recommend!",positive
"Not good, waste of money.",negative
"Neither here nor there, it's okay.",neutral
"Absolutely superb! Love it.",positive
"Terrible quality, very bad.",negative
"It's alright, meets my needs.",neutral
"Highly recommend! Great value.",positive
"Very poor quality, not worth it.",negative
"It's fine, just average.",neutral
"Outstanding! Very pleased with it.",positive
"Horrible purchase, avoid.",negative
"Just fine, nothing special.",neutral
"Fantastic! Love it, highly recommend.",positive
"Very bad quality, not good.",negative
"Neither good nor bad, just okay.",neutral
"Absolutely amazing! Highly satisfied.",positive
"Terrible experience, very bad quality.",negative
"It's okay, meets my expectations.",neutral
"Highly recommend! Exceeded expectations.",positive
"Very disappointing, bad purchase.",negative
"Average product, nothing great.",neutral
"Outstanding! Highly satisfied.",positive
"Do not buy, very poor quality.",negative
"It's alright, just average.",neutral
"Fantastic! Exceeded my expectations.",positive
"Not good at all, very bad.",negative
"Neither good nor bad, it's okay.",neutral
"Absolutely love it, will buy again.",positive
"Very bad quality, avoid.",negative
"Just alright, nothing great.",neutral
"Great product, very pleased!",positive
"Extremely poor quality, don't buy.",negative
"It's okay, meets my expectations.",neutral
"Excellent! Very happy with it.",positive
"Horrible, very disappointing.",negative
"Nothing special, just fine.",neutral
"Superb! Highly recommend.",positive
"Terrible experience, not good.",negative
"Just fine, does the job.",neutral
"Absolutely amazing! Love it.",positive
"Not worth it, very bad quality.",negative
"Neither here nor there, just average.",neutral
"Highly recommend! Great product.",positive
"Very disappointing, poor quality.",negative
"It's okay, nothing special.",neutral
"Fantastic! Exceeded my expectations.",positive
"Not good, waste of money.",negative
"Just average, nothing special.",neutral
"Love it! Highly recommend.",positive
"Bad quality, don't buy.",negative
"It's okay, meets my needs.",neutral
"Excellent product, very happy!",positive
"Terrible, very disappointing.",negative
"Average, nothing to write home about.",neutral
"Superb quality! Highly satisfied.",positive
"Horrible, very poor quality.",negative
"It's decent, does the job.",neutral
"Outstanding product, love it!",positive
"Regret buying, very bad quality.",negative
"Just fine, nothing special.",neutral
"Fantastic! Very happy with it.",positive
"Not worth it, very bad quality.",negative
"Neither good nor bad, it's okay.",neutral
"Love it! Exceeded expectations.",positive
"Very poor quality, avoid.",negative
"It's okay, meets my needs.",neutral
"Great product, highly recommend!",positive
"Extremely disappointing, very bad.",negative
"Just average, nothing great.",neutral
"Absolutely love it, very pleased.",positive
"Bad quality, don't recommend.",negative
"It's fine, nothing special.",neutral
"Outstanding quality! Very happy.",positive
"Horrible experience, avoid.",negative
"Just okay, nothing to write home about.",neutral
"Fantastic product, highly recommend!",positive
"Not good, waste of money.",negative
"Neither here nor there, it's okay.",neutral
"Absolutely superb! Love it.",positive
"Terrible quality, very bad.",negative
"It's alright, meets my needs.",neutral
"Highly recommend! Great value.",positive
"Very poor quality, not worth it.",negative
"It's fine, just average.",neutral
"Outstanding! Very pleased with it.",positive
"Horrible purchase, avoid.",negative
"Just fine, nothing special.",neutral
"Fantastic! Love it, highly recommend.",positive
"Very bad quality, not good.",negative
"Neither good nor bad, just okay.",neutral
"Absolutely amazing! Highly satisfied.",positive
"Terrible experience, very bad quality.",negative
"It's okay, meets my expectations.",neutral
"Highly recommend! Exceeded expectations.",positive
"Very disappointing, bad purchase.",negative
"Average product, nothing great.",neutral
"Outstanding! Highly satisfied.",positive
"Do not buy, very poor quality.",negative
"It's alright, just average.",neutral
"Fantastic! Exceeded my expectations.",positive
"Not good at all, very bad.",negative
"Neither good nor bad, it's okay.",neutral
"Absolutely love it, will buy again.",positive
"Very bad quality, avoid.",negative
"Just alright, nothing great.",neutral
"Great product, very pleased!",positive
"Extremely poor quality, don't buy.",negative
"It's okay, meets my expectations.",neutral
"Excellent! Very happy with it.",positive
"Horrible, very disappointing.",negative
"Nothing special, just fine.",neutral
"Superb! Highly recommend.",positive
"Terrible experience, not good.",negative
"Just fine, does the job.",neutral
"Absolutely amazing! Love it.",positive
"Not worth it, very bad quality.",negative
"Neither here nor there, just average.",neutral
"Highly recommend! Great product.",positive
"Very disappointing, poor quality.",negative
"It's okay, nothing special.",neutral
"Fantastic! Exceeded my expectations.",positive
"Not good, waste of money.",negative
"Just average, nothing special.",neutral
"Love it! Highly recommend.",positive
"Bad quality, don't buy.",negative
"It's okay, meets my needs.",neutral
"Excellent product, very happy!",positive
"Terrible, very disappointing.",negative
"Average, nothing to write home about.",neutral
"Superb quality! Highly satisfied.",positive
"Horrible, very poor quality.",negative
"It's decent, does the job.",neutral
"Outstanding product, love it!",positive
"Regret buying, very bad quality.",negative
"Just fine, nothing special.",neutral
"Fantastic! Very happy with it.",positive
"Not worth it, very bad quality.",negative
"Neither good nor bad, it's okay.",neutral
"Love it! Exceeded expectations.",positive
"Very poor quality, avoid.",negative
"It's okay, meets my needs.",neutral
"Great product, highly recommend!",positive
"Extremely disappointing, very bad.",negative
"Just average, nothing great.",neutral
"Absolutely love it, very pleased.",positive
"Bad quality, don't recommend.",negative
"It's fine, nothing special.",neutral
"Outstanding quality! Very happy.",positive
"Horrible experience, avoid.",negative
"Just okay, nothing to write home about.",neutral
"Fantastic product, highly recommend!",positive
"Not good, waste of money.",negative
"Neither here nor there, it's okay.",neutral
"Absolutely superb

! Love it.",positive
"Terrible quality, very bad.",negative
"It's alright, meets my needs.",neutral
"Highly recommend! Great value.",positive
"Very poor quality, not worth it.",negative
"It's fine, just average.",neutral
"Outstanding! Very pleased with it.",positive
"Horrible purchase, avoid.",negative
"Just fine, nothing special.",neutral
"Fantastic! Love it, highly recommend.",positive
"Very bad quality, not good.",negative
"Neither good nor bad, just okay.",neutral
"Absolutely amazing! Highly satisfied.",positive
"Terrible experience, very bad quality.",negative
"It's okay, meets my expectations.",neutral
"Highly recommend! Exceeded expectations.",positive
"Very disappointing, bad purchase.",negative
"Average product, nothing great.",neutral
"Outstanding! Highly satisfied.",positive
"Do not buy, very poor quality.",negative
"It's alright, just average.",neutral
"Fantastic! Exceeded my expectations.",positive
"Not good at all, very bad.",negative
"Neither good nor bad, it's okay.",neutral
"Absolutely love it, will buy again.",positive
"Very bad quality, avoid.",negative
"Just alright, nothing great.",neutral
"Great product, very pleased!",positive
"Extremely poor quality, don't buy.",negative
"It's okay, meets my expectations.",neutral
"Excellent! Very happy with it.",positive
"Horrible, very disappointing.",negative
"Nothing special, just fine.",neutral
"Superb! Highly recommend.",positive
"Terrible experience, not good.",negative
"Just fine, does the job.",neutral
"Absolutely amazing! Love it.",positive
"Not worth it, very bad quality.",negative
"Neither here nor there, just average.",neutral
"Highly recommend! Great product.",positive
"Very disappointing, poor quality.",negative
"It's okay, nothing special.",neutral
"Fantastic! Exceeded my expectations.",positive
"Not good, waste of money.",negative
"Just average, nothing special.",neutral
"Love it! Highly recommend.",positive
"Bad quality, don't buy.",negative
"It's okay, meets my needs.",neutral
"Excellent product, very happy!",positive
"Terrible, very disappointing.",negative
"Average, nothing to write home about.",neutral
"Superb quality! Highly satisfied.",positive
"Horrible, very poor quality.",negative
"It's decent, does the job.",neutral
"Outstanding product, love it!",positive
"Regret buying, very bad quality.",negative
"Just fine, nothing special.",neutral
"Fantastic! Very happy with it.",positive
"Not worth it, very bad quality.",negative
"Neither good nor bad, it's okay.",neutral
"Love it! Exceeded expectations.",positive
"Very poor quality, avoid.",negative
"It's okay, meets my needs.",neutral
"Great product, highly recommend!",positive
"Extremely disappointing, very bad.",negative
"Just average, nothing great.",neutral
"Absolutely love it, very pleased.",positive
"Bad quality, don't recommend.",negative
"It's fine, nothing special.",neutral
"Outstanding quality! Very happy.",positive
"Horrible experience, avoid.",negative
"Just okay, nothing to write home about.",neutral
"Fantastic product, highly recommend!",positive
"Not good, waste of money.",negative
"Neither here nor there, it's okay.",neutral
"Absolutely superb! Love it.",positive
"Terrible quality, very bad.",negative
"It's alright, meets my needs.",neutral
"Highly recommend! Great value.",positive
"Very poor quality, not worth it.",negative
"It's fine, just average.",neutral
"Outstanding! Very pleased with it.",positive
"Horrible purchase, avoid.",negative
"Just fine, nothing special.",neutral
"Fantastic! Love it, highly recommend.",positive
"Very bad quality, not good.",negative
"Neither good nor bad, just okay.",neutral
"Absolutely amazing! Highly satisfied.",positive
"Terrible experience, very bad quality.",negative
"It's okay, meets my expectations.",neutral
"Highly recommend! Exceeded expectations.",positive
"Very disappointing, bad purchase.",negative
"Average product, nothing great.",neutral
"Outstanding! Highly satisfied.",positive
"Do not buy, very poor quality.",negative
"It's alright, just average.",neutral
"Fantastic! Exceeded my expectations.",positive
"Not good at all, very bad.",negative
"Neither good nor bad, it's okay.",neutral
"Absolutely love it, will buy again.",positive
"Very bad quality, avoid.",negative
"Just alright, nothing great.",neutral
"Great product, very pleased!",positive
"Extremely poor quality, don't buy.",negative
"It's okay, meets my expectations.",neutral
"Excellent! Very happy with it.",positive
"Horrible, very disappointing.",negative
"Nothing special, just fine.",neutral
"Superb! Highly recommend.",positive
"Terrible experience, not good.",negative
"Just fine, does the job.",neutral
"Absolutely amazing! Love it.",positive
"Not worth it, very bad quality.",negative
"Neither here nor there, just average.",neutral
"Highly recommend! Great product.",positive
"Very disappointing, poor quality.",negative
"It's okay, nothing special.",neutral
"Fantastic! Exceeded my expectations.",positive
"Not good, waste of money.",negative
"Just average, nothing special.",neutral
"Love it! Highly recommend.",positive
"Bad quality, don't buy.",negative
"It's okay, meets my needs.",neutral
"Excellent product, very happy!",positive
"Terrible, very disappointing.",negative
"Average, nothing to write home about.",neutral
"Superb quality! Highly satisfied.",positive
"Horrible, very poor quality.",negative
"It's decent, does the job.",neutral
"Outstanding product, love it!",positive
"Regret buying, very bad quality.",negative
"Just fine, nothing special.",neutral
"Fantastic! Very happy with it.",positive
"Not worth it, very bad quality.",negative
"Neither good nor bad, it's okay.",neutral
"Love it! Exceeded expectations.",positive
"Very poor quality, avoid.",negative
"It's okay, meets my needs.",neutral
"Great product, highly recommend!",positive
"Extremely disappointing, very bad.",negative
"Just average, nothing great.",neutral
"Absolutely love it, very pleased.",positive
"Bad quality, don't recommend.",negative
"It's fine, nothing special.",neutral
"Outstanding quality! Very happy.",positive
"Horrible experience, avoid.",negative
"Just okay, nothing to write home about.",neutral
"Fantastic product, highly recommend!",positive
"Not good, waste of money.",negative
"Neither here nor there, it's okay.",neutral
"Absolutely superb! Love it.",positive
"Terrible quality, very bad.",negative
"It's alright, meets my needs.",neutral
"Highly recommend! Great value.",positive
"Very poor quality, not worth it.",negative
"It's fine, just average.",neutral
"Outstanding! Very pleased with it.",positive
"Horrible purchase, avoid.",negative
"Just fine, nothing special.",neutral
"Fantastic! Love it, highly recommend.",positive
"Very bad quality, not good.",negative
"Neither good nor bad, just okay.",neutral
"Absolutely amazing! Highly satisfied.",positive
"Terrible experience, very bad quality.",negative
"It's okay, meets my expectations.",neutral
"Highly recommend! Exceeded expectations.",positive
"Very disappointing, bad purchase.",negative
"Average product, nothing great.",neutral
"Outstanding! Highly satisfied.",positive
"Do not buy, very poor quality.",negative
"It's alright, just average.",neutral
"Fantastic! Exceeded my expectations.",positive
"Not good at all, very bad.",negative
"Neither good nor bad, it's okay.",neutral
"Absolutely love it, will buy again.",positive
"Very bad quality, avoid.",negative
"Just alright, nothing great.",neutral
"Great product, very pleased!",positive
"Extremely poor quality, don't buy.",negative
"It's okay, meets my expectations.",neutral
"Excellent! Very happy with it.",positive
"Horrible, very disappointing.",negative
"Nothing special, just fine.",neutral
"Superb! Highly recommend.",positive
"Terrible experience, not good.",negative
"Just fine, does the job.",neutral
"Absolutely amazing! Love it.",positive
"Not worth it, very bad quality.",negative
"Neither here nor there, just average.",neutral
"Highly recommend! Great product.",positive
"Very disappointing, poor quality.",negative
"It's okay, nothing special.",neutral
"Fantastic! Exceeded my expectations.",positive
"Not good, waste of money.",negative
"Just average, nothing special.",neutral
"Love it! Highly recommend.",positive
"Bad quality, don't buy.",negative
"It's okay, meets my needs.",neutral
"Excellent product, very happy!",positive
"Terrible, very disappointing.",negative
"Average, nothing to write home about.",neutral
"Superb quality! Highly satisfied.",positive
"Horrible, very poor quality.",negative
"It's decent, does the job.",neutral
"Outstanding product, love it!",positive
"Regret buying, very bad quality.",negative
"Just fine, nothing special.",neutral
"Fantastic! Very happy with it.",positive
"Not worth it, very bad quality.",negative
"Neither good nor bad, it's okay.",neutral
"Love it! Exceeded expectations.",positive
"Very poor quality, avoid.",negative
"It's okay, meets my needs.",neutral